,content,clean1,clean2,clean3,tokens
0,@TheAltfather007 @CryptoSl369 Do you want someone to tell you sorry. Lolzz you have lost your mind. You are responsible for your actions when it's has to do with cryptocurrency.. Man up and cry in silence. Why are you sounding like the father of Karma. Do you even know what karma mean.,  do you want someone to tell you sorry lolzz you have lost your mind you are responsible for your actions when its has to do with cryptocurrency man up and cry in silence why are you sounding like the father of karma do you even know what karma mean,do you want someone to tell you sorry lolzz you have lost your mind you are responsible for your actions when its has to do with cryptocurrency man up and cry in silence why are you sounding like the father of karma do you even know what karma mean,do you want someone to tell you sorry lolzz you have lost your mind you are responsible for your actions when its has to do with cryptocurrency man up and cry in silence why are you sounding like the father of karma do you even know what karma mean,"['do', 'you', 'want', 'someone', 'to', 'tell', 'you', 'sorry', 'lolzz', 'you', 'have', 'lost', 'your', 'mind', 'you', 'are', 'responsible', 'for', 'your', 'actions', 'when', 'its', 'has', 'to', 'do', 'with', 'cryptocurrency', 'man', 'up', 'and', 'cry', 'in', 'silence', 'why', 'are', 'you', 'sounding', 'like', 'the', 'father', 'of', 'karma', 'do', 'you', 'even', 'know', 'what', 'karma', 'mean']"
1,"https://t.co/JHDQZURGyj UK: Cryptocurrency Elrond Up More Than 4% In 24 hours By Benzinga.
https://t.co/uRFanOctRN

#ElrondNetwork #EGLD", uk cryptocurrency elrond up more than  in  hours by benzingaelrondnetwork egld,uk cryptocurrency elrond up more than in hours by benzingaelrondnetwork egld,uk cryptocurrency elrond up more than in hours by benzingaelrondnetwork egld,"['uk', 'cryptocurrency', 'elrond', 'up', 'more', 'than', 'in', 'hours', 'by', 'benzingaelrondnetwork', 'egld']"
2,"SmartMoneyAlertüö®

@AlamedaResearch just transferred 1.5M $USDP to #Binance

#SmartMoney #Bitcoin #Ethereum #cryptocurrency #WhaleAlert  #StableCoin

https://t.co/QcQXnbX1zS",smartmoneyalertüö® just transferred  usdp to binancesmartmoney bitcoin ethereum cryptocurrency whalealert  stablecoin,smartmoneyalertüö® just transferred usdp to binancesmartmoney bitcoin ethereum cryptocurrency whalealert stablecoin,smartmoneyalertüö® just transferred usdp to binancesmartmoney bitcoin ethereum cryptocurrency whalealert stablecoin,"['smartmoneyalertüö®', 'just', 'transferred', 'usdp', 'to', 'binancesmartmoney', 'bitcoin', 'ethereum', 'cryptocurrency', 'whalealert', 'stablecoin']"
3,"Saw this degen in my part of the country. Texas folks on the move.  

Wrapped in $DOGE might be a sign ?

#degen #dogecoin #Crypto #cryptocurrency #wrapped https://t.co/eGz5Tvw7eZ",saw this degen in my part of the country texas folks on the move  wrapped in doge might be a sign degen dogecoin crypto cryptocurrency wrapped ,saw this degen in my part of the country texas folks on the move wrapped in doge might be a sign degen dogecoin crypto cryptocurrency wrapped,saw this degen in my part of the country texas folks on the move wrapped in doge might be a sign degen dogecoin crypto cryptocurrency wrapped,"['saw', 'this', 'degen', 'in', 'my', 'part', 'of', 'the', 'country', 'texas', 'folks', 'on', 'the', 'move', 'wrapped', 'in', 'doge', 'might', 'be', 'a', 'sign', 'degen', 'dogecoin', 'crypto', 'cryptocurrency', 'wrapped']"
4,Cryptocurrency Titan Coinbase Providing ‚ÄúGeo Tracking Data‚Äù to ICE https://t.co/zjOriq1pJV,cryptocurrency titan coinbase providing geo tracking data to ice ,cryptocurrency titan coinbase providing geo tracking data to ice,cryptocurrency titan coinbase providing geo tracking data to ice,"['cryptocurrency', 'titan', 'coinbase', 'providing', 'geo', 'tracking', 'data', 'to', 'ice']"
5,Terra Virtua (TVK) went up 10.0 percent in the last 30 minutes on Binance. #TVK  #crypto #bitcoin #cryptocurrency #btc #ethereum #blockchain #eth #trading #altcoin #binance #cryptonews,terra virtua tvk went up  percent in the last  minutes on binance tvk  crypto bitcoin cryptocurrency btc ethereum blockchain eth trading altcoin binance cryptonews,terra virtua tvk went up percent in the last minutes on binance tvk crypto bitcoin cryptocurrency btc ethereum blockchain eth trading altcoin binance cryptonews,terra virtua tvk went up percent in the last minutes on binance tvk crypto bitcoin cryptocurrency btc ethereum blockchain eth trading altcoin binance cryptonews,"['terra', 'virtua', 'tvk', 'went', 'up', 'percent', 'in', 'the', 'last', 'minutes', 'on', 'binance', 'tvk', 'crypto', 'bitcoin', 'cryptocurrency', 'btc', 'ethereum', 'blockchain', 'eth', 'trading', 'altcoin', 'binance', 'cryptonews']"
6,Has crypto made anything better? /r/CryptoCurrency https://t.co/5LMR7Gr9sp https://t.co/FGZRwLv65k,has crypto made anything better rcryptocurrency  ,has crypto made anything better rcryptocurrency,has crypto made anything better rcryptocurrency,"['has', 'crypto', 'made', 'anything', 'better', 'rcryptocurrency']"
7,A couple of months ago I tried to warn this sub about the risks of lending your coins and was laughed out of the room /r/CryptoCurrency https://t.co/nbZ86BJdNG https://t.co/QjauqDccxw,a couple of months ago i tried to warn this sub about the risks of lending your coins and was laughed out of the room rcryptocurrency  ,a couple of months ago i tried to warn this sub about the risks of lending your coins and was laughed out of the room rcryptocurrency,a couple of months ago i tried to warn this sub about the risks of lending your coins and was laughed out of the room rcryptocurrency,"['a', 'couple', 'of', 'months', 'ago', 'i', 'tried', 'to', 'warn', 'this', 'sub', 'about', 'the', 'risks', 'of', 'lending', 'your', 'coins', 'and', 'was', 'laughed', 'out', 'of', 'the', 'room', 'rcryptocurrency']"
8,NFT sales hit 12-month low after cryptocurrency crash #CryptoCurrency via https://t.co/63A620Qtz3 https://t.co/tAORNUd5Xp,nft sales hit  low after cryptocurrency crash cryptocurrency via  ,nft sales hit low after cryptocurrency crash cryptocurrency via,nft sales hit low after cryptocurrency crash cryptocurrency via,"['nft', 'sales', 'hit', 'low', 'after', 'cryptocurrency', 'crash', 'cryptocurrency', 'via']"
9,#deal #affiliate #affiliatemarketing #bitcoin #blogger #business #cryptocurrency #deals #discount #gifts #marketing #shopping #socialmedia #travel #twitter #webtalk #ad #gifts #baskets #Chocolate #fruits #wine #gourmet https://t.co/dnN7uRmi6e,deal affiliate affiliatemarketing bitcoin blogger business cryptocurrency deals discount gifts marketing shopping socialmedia travel twitter webtalk ad gifts baskets chocolate fruits wine gourmet ,deal affiliate affiliatemarketing bitcoin blogger business cryptocurrency deals discount gifts marketing shopping socialmedia travel twitter webtalk ad gifts baskets chocolate fruits wine gourmet,deal affiliate affiliatemarketing bitcoin blogger business cryptocurrency deals discount gifts marketing shopping socialmedia travel twitter webtalk ad gifts baskets chocolate fruits wine gourmet,"['deal', 'affiliate', 'affiliatemarketing', 'bitcoin', 'blogger', 'business', 'cryptocurrency', 'deals', 'discount', 'gifts', 'marketing', 'shopping', 'socialmedia', 'travel', 'twitter', 'webtalk', 'ad', 'gifts', 'baskets', 'chocolate', 'fruits', 'wine', 'gourmet']"
10,"$DOGE one of the most mentioned on 4chan over the last 24 hours

Via https://t.co/XRrQ45IqT0

#doge    #4chan  #cryptocurrency https://t.co/Xbg3ZtJrYN","doge one of the most mentioned on  over the last  hours

via 

doge      cryptocurrency ",doge one of the most mentioned on over the last hours via doge cryptocurrency,doge one of the most mentioned on over the last hours via doge cryptocurrency,"['doge', 'one', 'of', 'the', 'most', 'mentioned', 'on', 'over', 'the', 'last', 'hours', 'via', 'doge', 'cryptocurrency']"
11,"Luisesman found # in a User vault at this location! Join me playing #coinhuntworld, It's awesome! https://t.co/DgtnvREFVV #cryptocurrency #142926 https://t.co/4CqLXOSDPp",luisesman found  in a user vault at this location join me playing coinhuntworld its awesome  cryptocurrency  ,luisesman found in a user vault at this location join me playing coinhuntworld its awesome cryptocurrency,luisesman found in a user vault at this location join me playing coinhuntworld its awesome cryptocurrency,"['luisesman', 'found', 'in', 'a', 'user', 'vault', 'at', 'this', 'location', 'join', 'me', 'playing', 'coinhuntworld', 'its', 'awesome', 'cryptocurrency']"
12,"University of Cincinnati (@uofcincy) In üá∫üá∏U.S. Launching Cryptoeconomics Lab &amp; ü™ôCrypto Fund

#CryptoNews #cryptocurrency #Cincinnati",university of cincinnati  in üá∫üá∏us launching cryptoeconomics lab amp ü™ôcrypto fundcryptonews cryptocurrency cincinnati,university of cincinnati in üá∫üá∏us launching cryptoeconomics lab amp ü™ôcrypto fundcryptonews cryptocurrency cincinnati,university of cincinnati in üá∫üá∏us launching cryptoeconomics lab amp ü™ôcrypto fundcryptonews cryptocurrency cincinnati,"['university', 'of', 'cincinnati', 'in', 'üá∫üá∏us', 'launching', 'cryptoeconomics', 'lab', 'amp', 'ü™ôcrypto', 'fundcryptonews', 'cryptocurrency', 'cincinnati']"
13,"The cryptocurrency market, worth about $3tn last November, is now worth less than $1tn.",the cryptocurrency market worth about  last november is now worth less than ,the cryptocurrency market worth about last november is now worth less than,the cryptocurrency market worth about last november is now worth less than,"['the', 'cryptocurrency', 'market', 'worth', 'about', 'last', 'november', 'is', 'now', 'worth', 'less', 'than']"
14,"@RonFilipkowski So, how is Russia paying MTG?

Through a go-between like Arron Banks, or with cryptocurrency?", so how is russia paying mtgthrough a gobetween like arron banks or with cryptocurrency,so how is russia paying mtgthrough a gobetween like arron banks or with cryptocurrency,so how is russia paying mtgthrough a gobetween like arron banks or with cryptocurrency,"['so', 'how', 'is', 'russia', 'paying', 'mtgthrough', 'a', 'gobetween', 'like', 'arron', 'banks', 'or', 'with', 'cryptocurrency']"
15,"A new report issued by Mastercard, the payment processing giant, has found that most consumers in Latam have knowledge of what cryptocurrency is. The report states that more than half of the consumersin Latam have at least made a transaction involving

https://t.co/tM3A4KSys3 https://t.co/cm3Bfgjfgr",a new report issued by mastercard the payment processing giant has found that most consumers in latam have knowledge of what cryptocurrency is the report states that more than half of the consumersin latam have at least made a transaction involving ,a new report issued by mastercard the payment processing giant has found that most consumers in latam have knowledge of what cryptocurrency is the report states that more than half of the consumersin latam have at least made a transaction involving,a new report issued by mastercard the payment processing giant has found that most consumers in latam have knowledge of what cryptocurrency is the report states that more than half of the consumersin latam have at least made a transaction involving,"['a', 'new', 'report', 'issued', 'by', 'mastercard', 'the', 'payment', 'processing', 'giant', 'has', 'found', 'that', 'most', 'consumers', 'in', 'latam', 'have', 'knowledge', 'of', 'what', 'cryptocurrency', 'is', 'the', 'report', 'states', 'that', 'more', 'than', 'half', 'of', 'the', 'consumersin', 'latam', 'have', 'at', 'least', 'made', 'a', 'transaction', 'involving']"
16,TowerBee (TBE) went up 8.2 percent in the last 1 minutes on https://t.co/rgEAV9gIXu. #TBE  #crypto #bitcoin #cryptocurrency #btc #ethereum #blockchain #eth #trading #altcoin #binance #cryptonews,towerbee tbe went up  percent in the last  minutes on  tbe  crypto bitcoin cryptocurrency btc ethereum blockchain eth trading altcoin binance cryptonews,towerbee tbe went up percent in the last minutes on tbe crypto bitcoin cryptocurrency btc ethereum blockchain eth trading altcoin binance cryptonews,towerbee tbe went up percent in the last minutes on tbe crypto bitcoin cryptocurrency btc ethereum blockchain eth trading altcoin binance cryptonews,"['towerbee', 'tbe', 'went', 'up', 'percent', 'in', 'the', 'last', 'minutes', 'on', 'tbe', 'crypto', 'bitcoin', 'cryptocurrency', 'btc', 'ethereum', 'blockchain', 'eth', 'trading', 'altcoin', 'binance', 'cryptonews']"
17,"Top 10 Best Bitcoin Projects to Learn About in 2022
https://t.co/ALx1cUKTAa
#Top10 #CryptocurrencyMarket #Cryptocurrencies #BitcoinProjects #Crypto #Bitcoin #BTC #BTCProjects #Cryptocurrency #AI #AINews #AnalyticsInsight #AnalyticsInsightMagazine https://t.co/ipbfYBEl16",top  best bitcoin projects to learn about in  cryptocurrencymarket cryptocurrencies bitcoinprojects crypto bitcoin btc btcprojects cryptocurrency ai ainews analyticsinsight analyticsinsightmagazine ,top best bitcoin projects to learn about in cryptocurrencymarket cryptocurrencies bitcoinprojects crypto bitcoin btc btcprojects cryptocurrency ai ainews analyticsinsight analyticsinsightmagazine,top best bitcoin projects to learn about in cryptocurrencymarket cryptocurrencies bitcoinprojects crypto bitcoin btc btcprojects cryptocurrency ai ainews analyticsinsight analyticsinsightmagazine,"['top', 'best', 'bitcoin', 'projects', 'to', 'learn', 'about', 'in', 'cryptocurrencymarket', 'cryptocurrencies', 'bitcoinprojects', 'crypto', 'bitcoin', 'btc', 'btcprojects', 'cryptocurrency', 'ai', 'ainews', 'analyticsinsight', 'analyticsinsightmagazine']"
18,"As cryptocurrency becomes more widespread, we'll have a world where money is easy to access, easy to move, easy to send, easy to receive, and easy to invest
#crypto #bnb #eth #binance https://t.co/I2ZaBWwTbh",as cryptocurrency becomes more widespread well have a world where money is easy to access easy to move easy to send easy to receive and easy to investcrypto bnb eth binance ,as cryptocurrency becomes more widespread well have a world where money is easy to access easy to move easy to send easy to receive and easy to investcrypto bnb eth binance,as cryptocurrency becomes more widespread well have a world where money is easy to access easy to move easy to send easy to receive and easy to investcrypto bnb eth binance,"['as', 'cryptocurrency', 'becomes', 'more', 'widespread', 'well', 'have', 'a', 'world', 'where', 'money', 'is', 'easy', 'to', 'access', 'easy', 'to', 'move', 'easy', 'to', 'send', 'easy', 'to', 'receive', 'and', 'easy', 'to', 'investcrypto', 'bnb', 'eth', 'binance']"
19,"Motion and Inertia in Odia. Does heavy object fall earlier than lighter object?  #ICO  #Cryptocurrency #NEARProtocol #NEAR #Airdrop #DecentralizationOfEducation  Equal oppurtunity, no discrimination between English Medium and Odia Medium https://t.co/qBMGkxkdco https://t.co/VQgm8iWrNa",motion and inertia in odia does heavy object fall earlier than lighter object  ico  cryptocurrency nearprotocol near airdrop decentralizationofeducation  equal oppurtunity no discrimination between english medium and odia medium  ,motion and inertia in odia does heavy object fall earlier than lighter object ico cryptocurrency nearprotocol near airdrop decentralizationofeducation equal oppurtunity no discrimination between english medium and odia medium,motion and inertia in odia does heavy object fall earlier than lighter object ico cryptocurrency nearprotocol near airdrop decentralizationofeducation equal oppurtunity no discrimination between english medium and odia medium,"['motion', 'and', 'inertia', 'in', 'odia', 'does', 'heavy', 'object', 'fall', 'earlier', 'than', 'lighter', 'object', 'ico', 'cryptocurrency', 'nearprotocol', 'near', 'airdrop', 'decentralizationofeducation', 'equal', 'oppurtunity', 'no', 'discrimination', 'between', 'english', 'medium', 'and', 'odia', 'medium']"
20,#NonfungibletokensNFTsCryptocurrenciesTechnologyBusiness NFT sales hit 12-month low after cryptocurrency crash - The Guardian https://t.co/xIhccRuSYx SignUp HiPeople https://t.co/dGAPdyeijY,nonfungibletokensnftscryptocurrenciestechnologybusiness nft sales hit  low after cryptocurrency crash  the guardian  signup hipeople ,nonfungibletokensnftscryptocurrenciestechnologybusiness nft sales hit low after cryptocurrency crash the guardian signup hipeople,nonfungibletokensnftscryptocurrenciestechnologybusiness nft sales hit low after cryptocurrency crash the guardian signup hipeople,"['nonfungibletokensnftscryptocurrenciestechnologybusiness', 'nft', 'sales', 'hit', 'low', 'after', 'cryptocurrency', 'crash', 'the', 'guardian', 'signup', 'hipeople']"
21,"When the #ShibaNFT app is released very soon, prepare for a tsunami of newbies into the space. This app is a game changer!üí•üöÄ https://t.co/ozcElaT6VB

 #NFT #Crypto #Cryptocurrency #NFTs #XRPL #XRP @DPMonksFinance #Xsquad #xrdc #xspectar #Doge #SHIB #1000X #LUNC #LoveIsland https://t.co/Qrh7o9bLGk",when the shibanft app is released very soon prepare for a tsunami of newbies into the space this app is a game changerüí•üöÄ  nft crypto cryptocurrency nfts xrpl xrp  xsquad xrdc xspectar doge shib  lunc loveisland ,when the shibanft app is released very soon prepare for a tsunami of newbies into the space this app is a game changerüí•üöÄ nft crypto cryptocurrency nfts xrpl xrp xsquad xrdc xspectar doge shib lunc loveisland,when the shibanft app is released very soon prepare for a tsunami of newbies into the space this app is a game changerüí•üöÄ nft crypto cryptocurrency nfts xrpl xrp xsquad xrdc xspectar doge shib lunc loveisland,"['when', 'the', 'shibanft', 'app', 'is', 'released', 'very', 'soon', 'prepare', 'for', 'a', 'tsunami', 'of', 'newbies', 'into', 'the', 'space', 'this', 'app', 'is', 'a', 'game', 'changerüí•üöÄ', 'nft', 'crypto', 'cryptocurrency', 'nfts', 'xrpl', 'xrp', 'xsquad', 'xrdc', 'xspectar', 'doge', 'shib', 'lunc', 'loveisland']"
22,"Algorand's token is bullish, but where are the buyers? - https://t.co/lxU0wXa2yf - #crypto #cryptocurrency #cryptonews #ico #btc #blockchain #eth #bitcoin #airdrop #one https://t.co/6iE0tMMl15",algorands token is bullish but where are the buyers    crypto cryptocurrency cryptonews ico btc blockchain eth bitcoin airdrop one ,algorands token is bullish but where are the buyers crypto cryptocurrency cryptonews ico btc blockchain eth bitcoin airdrop one,algorands token is bullish but where are the buyers crypto cryptocurrency cryptonews ico btc blockchain eth bitcoin airdrop one,"['algorands', 'token', 'is', 'bullish', 'but', 'where', 'are', 'the', 'buyers', 'crypto', 'cryptocurrency', 'cryptonews', 'ico', 'btc', 'blockchain', 'eth', 'bitcoin', 'airdrop', 'one']"
23,I put 11k in Stepn 'move to earn' last month. Now it's down 95%. I'd need to run 11km every day for a year just to break even. https://t.co/NM7F9wvLON #CryptoCurrency (from Reddit),i put  in stepn move to earn last month now its down  id need to run  every day for a year just to break even  cryptocurrency from reddit,i put in stepn move to earn last month now its down id need to run every day for a year just to break even cryptocurrency from reddit,i put in stepn move to earn last month now its down id need to run every day for a year just to break even cryptocurrency from reddit,"['i', 'put', 'in', 'stepn', 'move', 'to', 'earn', 'last', 'month', 'now', 'its', 'down', 'id', 'need', 'to', 'run', 'every', 'day', 'for', 'a', 'year', 'just', 'to', 'break', 'even', 'cryptocurrency', 'from', 'reddit']"
24,I put 11k in Stepn 'move to earn' last month. Now it's down 95%. I'd need to run 11km every day for a year just to break even. https://t.co/rf5osqSGsF #CryptoCurrency,i put  in stepn move to earn last month now its down  id need to run  every day for a year just to break even  cryptocurrency,i put in stepn move to earn last month now its down id need to run every day for a year just to break even cryptocurrency,i put in stepn move to earn last month now its down id need to run every day for a year just to break even cryptocurrency,"['i', 'put', 'in', 'stepn', 'move', 'to', 'earn', 'last', 'month', 'now', 'its', 'down', 'id', 'need', 'to', 'run', 'every', 'day', 'for', 'a', 'year', 'just', 'to', 'break', 'even', 'cryptocurrency']"
25,Snoop Dogg spoke about the crypto crash in an interview with CNBC on Tuesday and explained that he believes the cryptocurrency economy will bounce back. Snoop said that he feels like the crash ‚Äú‚Äòweeded‚Äô out all of the people‚Äù that were not supposed to be in the space in the first https://t.co/E5n2vV9E4o,snoop dogg spoke about the crypto crash in an interview with cnbc on tuesday and explained that he believes the cryptocurrency economy will bounce back snoop said that he feels like the crash weeded out all of the people that were not supposed to be in the space in the first ,snoop dogg spoke about the crypto crash in an interview with cnbc on tuesday and explained that he believes the cryptocurrency economy will bounce back snoop said that he feels like the crash weeded out all of the people that were not supposed to be in the space in the first,snoop dogg spoke about the crypto crash in an interview with cnbc on tuesday and explained that he believes the cryptocurrency economy will bounce back snoop said that he feels like the crash weeded out all of the people that were not supposed to be in the space in the first,"['snoop', 'dogg', 'spoke', 'about', 'the', 'crypto', 'crash', 'in', 'an', 'interview', 'with', 'cnbc', 'on', 'tuesday', 'and', 'explained', 'that', 'he', 'believes', 'the', 'cryptocurrency', 'economy', 'will', 'bounce', 'back', 'snoop', 'said', 'that', 'he', 'feels', 'like', 'the', 'crash', 'weeded', 'out', 'all', 'of', 'the', 'people', 'that', 'were', 'not', 'supposed', 'to', 'be', 'in', 'the', 'space', 'in', 'the', 'first']"
26,"https://t.co/tZpU4dzeJH for sale

#web5 #web3 #cryptocurrency #metaverse", for sale  cryptocurrency metaverse,for sale cryptocurrency metaverse,for sale cryptocurrency metaverse,"['for', 'sale', 'cryptocurrency', 'metaverse']"
27,"NFT sales hit 12-month low after cryptocurrency crash

Sales of non-fungible tokens totalled just over $1bn in June, compared with peak of $12.6bn in January",nft sales hit  low after cryptocurrency crashsales of nonfungible tokens totalled just over  in june compared with peak of  in january,nft sales hit low after cryptocurrency crashsales of nonfungible tokens totalled just over in june compared with peak of in january,nft sales hit low after cryptocurrency crashsales of nonfungible tokens totalled just over in june compared with peak of in january,"['nft', 'sales', 'hit', 'low', 'after', 'cryptocurrency', 'crashsales', 'of', 'nonfungible', 'tokens', 'totalled', 'just', 'over', 'in', 'june', 'compared', 'with', 'peak', 'of', 'in', 'january']"
28,#Bitcoin #XRP #Crypto #cryptocurrency #Ethereum #NFT #SHIB #Metaverse https://t.co/sODWiUe8tm,bitcoin xrp crypto cryptocurrency ethereum nft shib metaverse ,bitcoin xrp crypto cryptocurrency ethereum nft shib metaverse,bitcoin xrp crypto cryptocurrency ethereum nft shib metaverse,"['bitcoin', 'xrp', 'crypto', 'cryptocurrency', 'ethereum', 'nft', 'shib', 'metaverse']"
29,"@valueandtime Maybe want to check @apeironph #NFTs and you might love how unique every planet ü™êApeiron has! Am I right? @eenmercado ü§©

#NFT #cryptocurrency $APE https://t.co/4LpHD7QfBG", maybe want to check  nfts and you might love how unique every planet ü™êapeiron has am i right  ü§©nft cryptocurrency ape ,maybe want to check nfts and you might love how unique every planet ü™êapeiron has am i right ü§©nft cryptocurrency ape,maybe want to check nfts and you might love how unique every planet ü™êapeiron has am i right ü§©nft cryptocurrency ap,"['maybe', 'want', 'to', 'check', 'nfts', 'and', 'you', 'might', 'love', 'how', 'unique', 'every', 'planet', 'ü™êapeiron', 'has', 'am', 'i', 'right', 'ü§©nft', 'cryptocurrency', 'ap']"
30,"cryptocurrency market: Top Cryptocurrency News on June 28: Bitcoin at Rs 17 lakh, TDS on cryptos from July 1, NFTs and more https://t.co/lTbVGzzheX https://t.co/c7hq4C8dgR",cryptocurrency market top cryptocurrency news on june  bitcoin at rs  lakh tds on cryptos from july  nfts and more  ,cryptocurrency market top cryptocurrency news on june bitcoin at rs lakh tds on cryptos from july nfts and more,cryptocurrency market top cryptocurrency news on june bitcoin at rs lakh tds on cryptos from july nfts and more,"['cryptocurrency', 'market', 'top', 'cryptocurrency', 'news', 'on', 'june', 'bitcoin', 'at', 'rs', 'lakh', 'tds', 'on', 'cryptos', 'from', 'july', 'nfts', 'and', 'more']"
31,cryptocurrency market: Street artist Alec Monopoly and HyperMint collaborate to release NFTs https://t.co/BJ5dIqc6Cy https://t.co/EfCH8N0Xyg,cryptocurrency market street artist alec monopoly and hypermint collaborate to release nfts  ,cryptocurrency market street artist alec monopoly and hypermint collaborate to release nfts,cryptocurrency market street artist alec monopoly and hypermint collaborate to release nfts,"['cryptocurrency', 'market', 'street', 'artist', 'alec', 'monopoly', 'and', 'hypermint', 'collaborate', 'to', 'release', 'nfts']"
32,cryptocurrency market: What Shiba Inu price needs to do to trigger a breakout https://t.co/gABWkaDd4K https://t.co/6P3pOnT3sT,cryptocurrency market what shiba inu price needs to do to trigger a breakout  ,cryptocurrency market what shiba inu price needs to do to trigger a breakout,cryptocurrency market what shiba inu price needs to do to trigger a breakout,"['cryptocurrency', 'market', 'what', 'shiba', 'inu', 'price', 'needs', 'to', 'do', 'to', 'trigger', 'a', 'breakout']"
33,Cryptocurrency: ‡§®‡§ø‡§µ‡•á‡§∂ ‡§™‡§∞ ‡§π‡•à ‡§ï‡•ã‡§à Confusion ? Crypto ‡§ï‡§æ ‡§∏‡§Ç‡§ï‡§ü ‡§Ö‡§≠‡•Ä ‡§î‡§∞ ‡§ó‡§π‡§∞‡§æ‡§è‡§ó‡§æ? | Consumer¬†Adda https://t.co/IgyaEIX2aA,cryptocurrency ‡§®‡§ø‡§µ‡•á‡§∂ ‡§™‡§∞ ‡§π‡•à ‡§ï‡•ã‡§à confusion  crypto ‡§ï‡§æ ‡§∏‡§Ç‡§ï‡§ü ‡§Ö‡§≠‡•Ä ‡§î‡§∞ ‡§ó‡§π‡§∞‡§æ‡§è‡§ó‡§æ  consumer¬†adda ,cryptocurrency ‡§®‡§ø‡§µ‡•á‡§∂ ‡§™‡§∞ ‡§π‡•à ‡§ï‡•ã‡§à confusion crypto ‡§ï‡§æ ‡§∏‡§Ç‡§ï‡§ü ‡§Ö‡§≠‡•Ä ‡§î‡§∞ ‡§ó‡§π‡§∞‡§æ‡§è‡§ó‡§æ consumer adda,cryptocurrency ‡§®‡§ø‡§µ‡•á‡§∂ ‡§™‡§∞ ‡§π‡•à ‡§ï‡•ã‡§à confusion crypto ‡§ï‡§æ ‡§∏‡§Ç‡§ï‡§ü ‡§Ö‡§≠‡•Ä ‡§î‡§∞ ‡§ó‡§π‡§∞‡§æ‡§è‡§ó‡§æ consumer adda,"['cryptocurrency', '‡§®‡§ø‡§µ‡•á‡§∂', '‡§™‡§∞', '‡§π‡•à', '‡§ï‡•ã‡§à', 'confusion', 'crypto', '‡§ï‡§æ', '‡§∏‡§Ç‡§ï‡§ü', '‡§Ö‡§≠‡•Ä', '‡§î‡§∞', '‡§ó‡§π‡§∞‡§æ‡§è‡§ó‡§æ', 'consumer', 'adda']"
34,"üö®üö®üö® Crypto alert:

‚Ä¢ MACD Cross alert (15m)
‚Ä¢ Pair [#ADA-#USDT]

#crypto #Nft #defi #cryptocurrency #trading 

https://t.co/UQB75GPKh9",üö®üö®üö® crypto alert‚Ä¢ macd cross alert ‚Ä¢ pair crypto nft defi cryptocurrency trading ,üö®üö®üö® crypto alert‚Ä¢ macd cross alert ‚Ä¢ pair crypto nft defi cryptocurrency trading,üö®üö®üö® crypto alert‚Ä¢ macd cross alert ‚Ä¢ pair crypto nft defi cryptocurrency trading,"['üö®üö®üö®', 'crypto', 'alert‚Ä¢', 'macd', 'cross', 'alert', '‚Ä¢', 'pair', 'crypto', 'nft', 'defi', 'cryptocurrency', 'trading']"
35,"Want the best signal in cryptocurrency? 98.19579% $WAVES #FeiUSD
https://t.co/jztJxY4p90",want the best signal in cryptocurrency  waves feiusd,want the best signal in cryptocurrency waves feiusd,want the best signal in cryptocurrency waves feiusd,"['want', 'the', 'best', 'signal', 'in', 'cryptocurrency', 'waves', 'feiusd']"
36,Real project that will revolutionize the cryptocurrency industry,real project that will revolutionize the cryptocurrency industry,real project that will revolutionize the cryptocurrency industry,real project that will revolutionize the cryptocurrency industry,"['real', 'project', 'that', 'will', 'revolutionize', 'the', 'cryptocurrency', 'industry']"
37,@RealShibaDoge Real project that will revolutionize the cryptocurrency industry üëãüëã, real project that will revolutionize the cryptocurrency industry üëãüëã,real project that will revolutionize the cryptocurrency industry üëãüëã,real project that will revolutionize the cryptocurrency industry üëãüëã,"['real', 'project', 'that', 'will', 'revolutionize', 'the', 'cryptocurrency', 'industry', 'üëãüëã']"
38,"When starting out in cryptocurrency investment, the first mistake we all must have to make is; not arranging our portfolio and categorizing them! 
In order to avoid this mistake, you need to be educated first!",when starting out in cryptocurrency investment the first mistake we all must have to make is not arranging our portfolio and categorizing them in order to avoid this mistake you need to be educated first,when starting out in cryptocurrency investment the first mistake we all must have to make is not arranging our portfolio and categorizing them in order to avoid this mistake you need to be educated first,when starting out in cryptocurrency investment the first mistake we all must have to make is not arranging our portfolio and categorizing them in order to avoid this mistake you need to be educated first,"['when', 'starting', 'out', 'in', 'cryptocurrency', 'investment', 'the', 'first', 'mistake', 'we', 'all', 'must', 'have', 'to', 'make', 'is', 'not', 'arranging', 'our', 'portfolio', 'and', 'categorizing', 'them', 'in', 'order', 'to', 'avoid', 'this', 'mistake', 'you', 'need', 'to', 'be', 'educated', 'first']"
39,#deal #affiliate #affiliatemarketing #bitcoin #blogger #business #cryptocurrency #deals #discount #gifts #marketing #shopping #socialmedia #travel #twitter #webtalk #ad #freeshipping #steak #steaknight #chicken #seafood #wine https://t.co/FsGWUaZyeH,deal affiliate affiliatemarketing bitcoin blogger business cryptocurrency deals discount gifts marketing shopping socialmedia travel twitter webtalk ad freeshipping steak steaknight chicken seafood wine ,deal affiliate affiliatemarketing bitcoin blogger business cryptocurrency deals discount gifts marketing shopping socialmedia travel twitter webtalk ad freeshipping steak steaknight chicken seafood wine,deal affiliate affiliatemarketing bitcoin blogger business cryptocurrency deals discount gifts marketing shopping socialmedia travel twitter webtalk ad freeshipping steak steaknight chicken seafood wine,"['deal', 'affiliate', 'affiliatemarketing', 'bitcoin', 'blogger', 'business', 'cryptocurrency', 'deals', 'discount', 'gifts', 'marketing', 'shopping', 'socialmedia', 'travel', 'twitter', 'webtalk', 'ad', 'freeshipping', 'steak', 'steaknight', 'chicken', 'seafood', 'wine']"
40,"@TimeShuffleGame Real project that will revolutionize the cryptocurrency industry‚úÖ‚úÖ
@Tylercc46917503 @KellyRicks20 @Christe31739228", real project that will revolutionize the cryptocurrency industry‚úÖ‚úÖ  ,real project that will revolutionize the cryptocurrency industry‚úÖ‚úÖ,real project that will revolutionize the cryptocurrency industry‚úÖ‚úÖ,"['real', 'project', 'that', 'will', 'revolutionize', 'the', 'cryptocurrency', 'industry‚úÖ‚úÖ']"
41,[NEW] I took out a $20K loan to buy BTC. + https://t.co/vGtZQQ69cV #bitcoin #btc #cryptocurrency #crypto #blockchain, i took out a  loan to buy btc   bitcoin btc cryptocurrency crypto blockchain,i took out a loan to buy btc bitcoin btc cryptocurrency crypto blockchain,i took out a loan to buy btc bitcoin btc cryptocurrency crypto blockchain,"['i', 'took', 'out', 'a', 'loan', 'to', 'buy', 'btc', 'bitcoin', 'btc', 'cryptocurrency', 'crypto', 'blockchain']"
42,Prices for second-hand luxury watches fall as cryptocurrency wealth¬†disappears https://t.co/7KxAeYdGrw,prices for secondhand luxury watches fall as cryptocurrency wealth¬†disappears ,prices for secondhand luxury watches fall as cryptocurrency wealth disappears,prices for secondhand luxury watches fall as cryptocurrency wealth disappear,"['prices', 'for', 'secondhand', 'luxury', 'watches', 'fall', 'as', 'cryptocurrency', 'wealth', 'disappear']"
43,"Ipollo G1 Mini Asic Crypto Miner with Collectable Picture - https://t.co/1GYC9irQZi

#bitcoin #crypto #cryptocurrency #NFTs #ethereum
https://t.co/A3SrbEnXfQ",ipollo  mini asic crypto miner with collectable picture  bitcoin crypto cryptocurrency nfts ethereum,ipollo mini asic crypto miner with collectable picture bitcoin crypto cryptocurrency nfts ethereum,ipollo mini asic crypto miner with collectable picture bitcoin crypto cryptocurrency nfts ethereum,"['ipollo', 'mini', 'asic', 'crypto', 'miner', 'with', 'collectable', 'picture', 'bitcoin', 'crypto', 'cryptocurrency', 'nfts', 'ethereum']"
44,"BSCNews: Do you know what happens after a Coinbase listing? Come see how the @coinbase effect works!

#BSCNews #Cryptocurrency #DeFi
https://t.co/wpuHrwUCnW",bscnews do you know what happens after a coinbase listing come see how the  effect worksbscnews cryptocurrency defi,bscnews do you know what happens after a coinbase listing come see how the effect worksbscnews cryptocurrency defi,bscnews do you know what happens after a coinbase listing come see how the effect worksbscnews cryptocurrency defi,"['bscnews', 'do', 'you', 'know', 'what', 'happens', 'after', 'a', 'coinbase', 'listing', 'come', 'see', 'how', 'the', 'effect', 'worksbscnews', 'cryptocurrency', 'defi']"
45,Prices for second-hand luxury watches fall as cryptocurrency wealth disappears - The National https://t.co/hC9765G1QQ,prices for secondhand luxury watches fall as cryptocurrency wealth disappears  the national ,prices for secondhand luxury watches fall as cryptocurrency wealth disappears the national,prices for secondhand luxury watches fall as cryptocurrency wealth disappears the national,"['prices', 'for', 'secondhand', 'luxury', 'watches', 'fall', 'as', 'cryptocurrency', 'wealth', 'disappears', 'the', 'national']"
46,"üéâJoin #KuCoin via this link and get 20% off your #trading fees plus up to 500 $USDT joining bonus

‚û°Ô∏è https://t.co/eVLqOFWh1f

02/07/2022 @ 7:32am UTC
#CryptoTrading #Bitcoin #Cryptocurrency #CryptoMarket #Etherum #CryptoNews #Cryptos",üéâjoin kucoin via this link and get  off your trading fees plus up to  usdt joining bonus‚û°Ô∏è    utccryptotrading bitcoin cryptocurrency cryptomarket etherum cryptonews cryptos,üéâjoin kucoin via this link and get off your trading fees plus up to usdt joining bonus‚û°Ô∏è utccryptotrading bitcoin cryptocurrency cryptomarket etherum cryptonews cryptos,üéâjoin kucoin via this link and get off your trading fees plus up to usdt joining bonus‚û°Ô∏è utccryptotrading bitcoin cryptocurrency cryptomarket etherum cryptonews cryptos,"['üéâjoin', 'kucoin', 'via', 'this', 'link', 'and', 'get', 'off', 'your', 'trading', 'fees', 'plus', 'up', 'to', 'usdt', 'joining', 'bonus‚û°Ô∏è', 'utccryptotrading', 'bitcoin', 'cryptocurrency', 'cryptomarket', 'etherum', 'cryptonews', 'cryptos']"
47,"üéâJoin #Binance via this link and get 10% off your #trading fees plus up to 50 $USDT joining bonus

‚û°Ô∏è https://t.co/wVluWBwavO

02/07/2022 @ 7:32am UTC
#CryptoTrading #Bitcoin #Cryptocurrency #CryptoMarket #Etherum #CryptoNews #Cryptos",üéâjoin binance via this link and get  off your trading fees plus up to  usdt joining bonus‚û°Ô∏è    utccryptotrading bitcoin cryptocurrency cryptomarket etherum cryptonews cryptos,üéâjoin binance via this link and get off your trading fees plus up to usdt joining bonus‚û°Ô∏è utccryptotrading bitcoin cryptocurrency cryptomarket etherum cryptonews cryptos,üéâjoin binance via this link and get off your trading fees plus up to usdt joining bonus‚û°Ô∏è utccryptotrading bitcoin cryptocurrency cryptomarket etherum cryptonews cryptos,"['üéâjoin', 'binance', 'via', 'this', 'link', 'and', 'get', 'off', 'your', 'trading', 'fees', 'plus', 'up', 'to', 'usdt', 'joining', 'bonus‚û°Ô∏è', 'utccryptotrading', 'bitcoin', 'cryptocurrency', 'cryptomarket', 'etherum', 'cryptonews', 'cryptos']"
48,"The woman alleged to be at the heart of one of the world‚Äôs biggest cryptocurrency frauds is now on the FBI‚Äôs 10 Most Wanted Fugitives list, according to the agency https://t.co/mElNuVg3cx",the woman alleged to be at the heart of one of the worlds biggest cryptocurrency frauds is now on the fbis  most wanted fugitives list according to the agency ,the woman alleged to be at the heart of one of the worlds biggest cryptocurrency frauds is now on the fbis most wanted fugitives list according to the agency,the woman alleged to be at the heart of one of the worlds biggest cryptocurrency frauds is now on the fbis most wanted fugitives list according to the agency,"['the', 'woman', 'alleged', 'to', 'be', 'at', 'the', 'heart', 'of', 'one', 'of', 'the', 'worlds', 'biggest', 'cryptocurrency', 'frauds', 'is', 'now', 'on', 'the', 'fbis', 'most', 'wanted', 'fugitives', 'list', 'according', 'to', 'the', 'agency']"
49,"It is a sort of Amway meets cryptocurrency fraud.

And lots of people worldwide were scammed of their savings.  One Scottish lady tells of her guilt that she introduced others to it (total loss ‚Ç¨250,000) when she was still in the fervent belief stage.  

https://t.co/57Bs3I4WdC",it is a sort of amway meets cryptocurrency fraudand lots of people worldwide were scammed of their savings  one scottish lady tells of her guilt that she introduced others to it total loss ‚Ç¨ when she was still in the fervent belief stage  ,it is a sort of amway meets cryptocurrency fraudand lots of people worldwide were scammed of their savings one scottish lady tells of her guilt that she introduced others to it total loss ‚Ç¨ when she was still in the fervent belief stage,it is a sort of amway meets cryptocurrency fraudand lots of people worldwide were scammed of their savings one scottish lady tells of her guilt that she introduced others to it total loss ‚Ç¨ when she was still in the fervent belief stage,"['it', 'is', 'a', 'sort', 'of', 'amway', 'meets', 'cryptocurrency', 'fraudand', 'lots', 'of', 'people', 'worldwide', 'were', 'scammed', 'of', 'their', 'savings', 'one', 'scottish', 'lady', 'tells', 'of', 'her', 'guilt', 'that', 'she', 'introduced', 'others', 'to', 'it', 'total', 'loss', '‚Ç¨', 'when', 'she', 'was', 'still', 'in', 'the', 'fervent', 'belief', 'stage']"
50,"@TimeShuffleGame Fantastic airdrop project the tokapp is going to change entire scenario in crypto currency world
 @BaikaMarius
 @IZzMuZziKZz
 @abuhijleh95", fantastic airdrop project the tokapp is going to change entire scenario in crypto currency world   ,fantastic airdrop project the tokapp is going to change entire scenario in crypto currency world,fantastic airdrop project the tokapp is going to change entire scenario in crypto currency world,"['fantastic', 'airdrop', 'project', 'the', 'tokapp', 'is', 'going', 'to', 'change', 'entire', 'scenario', 'in', 'crypto', 'currency', 'world']"
51,MakerDAO members shoot down proposal for more centralization #cryptocurrency https://t.co/cBoSBKJJU9,makerdao members shoot down proposal for more centralization cryptocurrency ,makerdao members shoot down proposal for more centralization cryptocurrency,makerdao members shoot down proposal for more centralization cryptocurrency,"['makerdao', 'members', 'shoot', 'down', 'proposal', 'for', 'more', 'centralization', 'cryptocurrency']"
52,Hundreds of Bored Ape owners sign up to hire out their NFTs to brands #cryptocurrency https://t.co/FUaVEjbg2y,hundreds of bored ape owners sign up to hire out their nfts to brands cryptocurrency ,hundreds of bored ape owners sign up to hire out their nfts to brands cryptocurrency,hundreds of bored ape owners sign up to hire out their nfts to brands cryptocurrency,"['hundreds', 'of', 'bored', 'ape', 'owners', 'sign', 'up', 'to', 'hire', 'out', 'their', 'nfts', 'to', 'brands', 'cryptocurrency']"
53,"@RealShibaDoge Fantastic airdrop project the tokapp is going to change entire scenario in crypto currency world
#SHIBADOGE", fantastic airdrop project the tokapp is going to change entire scenario in crypto currency worldshibadoge,fantastic airdrop project the tokapp is going to change entire scenario in crypto currency worldshibadoge,fantastic airdrop project the tokapp is going to change entire scenario in crypto currency worldshibadoge,"['fantastic', 'airdrop', 'project', 'the', 'tokapp', 'is', 'going', 'to', 'change', 'entire', 'scenario', 'in', 'crypto', 'currency', 'worldshibadoge']"
54,Luna Classic and USTC correction ‚Äì Top Altcoin Cryptocurrency Prices Today - https://t.co/E8bPRzSyyw https://t.co/fyZPjt3beE,luna classic and ustc correction ‚Äì top altcoin cryptocurrency prices today   ,luna classic and ustc correction ‚Äì top altcoin cryptocurrency prices today,luna classic and ustc correction ‚Äì top altcoin cryptocurrency prices today,"['luna', 'classic', 'and', 'ustc', 'correction', '‚Äì', 'top', 'altcoin', 'cryptocurrency', 'prices', 'today']"
55,"OneCoin Founder Ruja Ignatova Listed On FBI Top 10 Most Wanted Fugitives List

Know more: https://t.co/Cax9186UT5

#VOC #VoiceofCrypto #Crypto #Cryptocurrency #CryptoUpdate #FBI #OneCoin https://t.co/ZZvoSt6URx",onecoin founder ruja ignatova listed on fbi top  most wanted fugitives listknow more voc voiceofcrypto crypto cryptocurrency cryptoupdate fbi onecoin ,onecoin founder ruja ignatova listed on fbi top most wanted fugitives listknow more voc voiceofcrypto crypto cryptocurrency cryptoupdate fbi onecoin,onecoin founder ruja ignatova listed on fbi top most wanted fugitives listknow more voc voiceofcrypto crypto cryptocurrency cryptoupdate fbi onecoin,"['onecoin', 'founder', 'ruja', 'ignatova', 'listed', 'on', 'fbi', 'top', 'most', 'wanted', 'fugitives', 'listknow', 'more', 'voc', 'voiceofcrypto', 'crypto', 'cryptocurrency', 'cryptoupdate', 'fbi', 'onecoin']"
56,Luna Classic and USTC correction ‚Äì Top Altcoin Cryptocurrency Prices Today https://t.co/JqpY0Bs0n7,luna classic and ustc correction ‚Äì top altcoin cryptocurrency prices today ,luna classic and ustc correction ‚Äì top altcoin cryptocurrency prices today,luna classic and ustc correction ‚Äì top altcoin cryptocurrency prices today,"['luna', 'classic', 'and', 'ustc', 'correction', '‚Äì', 'top', 'altcoin', 'cryptocurrency', 'prices', 'today']"
57,NFT sales hit 12-month low after cryptocurrency crash | Non-fungible tokens (NFTs) | The¬†Guardian https://t.co/COrnftQg7U,nft sales hit  low after cryptocurrency crash  nonfungible tokens nfts  the¬†guardian ,nft sales hit low after cryptocurrency crash nonfungible tokens nfts the guardian,nft sales hit low after cryptocurrency crash nonfungible tokens nfts the guardian,"['nft', 'sales', 'hit', 'low', 'after', 'cryptocurrency', 'crash', 'nonfungible', 'tokens', 'nfts', 'the', 'guardian']"
58,NFT sales hit 12-month low after cryptocurrency crash | Non-fungible tokens (NFTs) | The¬†Guardian https://t.co/YIeeBIWHJx,nft sales hit  low after cryptocurrency crash  nonfungible tokens nfts  the¬†guardian ,nft sales hit low after cryptocurrency crash nonfungible tokens nfts the guardian,nft sales hit low after cryptocurrency crash nonfungible tokens nfts the guardian,"['nft', 'sales', 'hit', 'low', 'after', 'cryptocurrency', 'crash', 'nonfungible', 'tokens', 'nfts', 'the', 'guardian']"
59,University of Cincinnati Launching Cryptoeconomics Lab and Cryptocurrency Fund https://t.co/aDikEMwOGk,university of cincinnati launching cryptoeconomics lab and cryptocurrency fund ,university of cincinnati launching cryptoeconomics lab and cryptocurrency fund,university of cincinnati launching cryptoeconomics lab and cryptocurrency fund,"['university', 'of', 'cincinnati', 'launching', 'cryptoeconomics', 'lab', 'and', 'cryptocurrency', 'fund']"
60,"üì¢ #Robostopia Smart #CryptoCurrency Trader Bot for #Binance and #Bittrex
‚úÖ Trailing Stop-Loss, Buy or Sell #altcoins / BTC pairs.
‚úÖ Auto Renew Orders
‚úÖ Profit / Loss notifications by transactions.
‚úÖ Completed Order notifications and many more..
üëâ https://t.co/vtm2aTYKA0 https://t.co/vnSgTYWfRW",üì¢ robostopia smart cryptocurrency trader bot for binance and bittrex‚úÖ trailing stoploss buy or sell altcoins  btc pairs‚úÖ auto renew orders‚úÖ profit  loss notifications by transactions‚úÖ completed order notifications and many moreüëâ  ,üì¢ robostopia smart cryptocurrency trader bot for binance and bittrex‚úÖ trailing stoploss buy or sell altcoins btc pairs‚úÖ auto renew orders‚úÖ profit loss notifications by transactions‚úÖ completed order notifications and many moreüëâ,üì¢ robostopia smart cryptocurrency trader bot for binance and bittrex‚úÖ trailing stoploss buy or sell altcoins btc pairs‚úÖ auto renew orders‚úÖ profit loss notifications by transactions‚úÖ completed order notifications and many moreüëâ,"['üì¢', 'robostopia', 'smart', 'cryptocurrency', 'trader', 'bot', 'for', 'binance', 'and', 'bittrex‚úÖ', 'trailing', 'stoploss', 'buy', 'or', 'sell', 'altcoins', 'btc', 'pairs‚úÖ', 'auto', 'renew', 'orders‚úÖ', 'profit', 'loss', 'notifications', 'by', 'transactions‚úÖ', 'completed', 'order', 'notifications', 'and', 'many', 'moreüëâ']"
61,"How Will Society Regulate #Cryptocurrency?

https://t.co/AYcUfoXcEY via @Hackernoon

#Regtech
Cc @mallys_ @Fabriziobustama @HaroldSinnott @chboursin @Nadia__Jacoby @DeepLearn007 @SpirosMargaris @Xbond49 @andi_staub @Xbond49 @Nicochan33 https://t.co/HOeGEHDuPf",how will society regulate cryptocurrency via regtechcc            ,how will society regulate cryptocurrency via regtechcc,how will society regulate cryptocurrency via regtechcc,"['how', 'will', 'society', 'regulate', 'cryptocurrency', 'via', 'regtechcc']"
62,#deal #affiliate #affiliatemarketing #bitcoin #blogger #business #cryptocurrency #deals #discount #gifts #marketing #shopping #socialmedia #travel #twitter #webtalk #ad #drinks #alcohol #Beer #wine #liquor https://t.co/QfG87kM4D9,deal affiliate affiliatemarketing bitcoin blogger business cryptocurrency deals discount gifts marketing shopping socialmedia travel twitter webtalk ad drinks alcohol beer wine liquor ,deal affiliate affiliatemarketing bitcoin blogger business cryptocurrency deals discount gifts marketing shopping socialmedia travel twitter webtalk ad drinks alcohol beer wine liquor,deal affiliate affiliatemarketing bitcoin blogger business cryptocurrency deals discount gifts marketing shopping socialmedia travel twitter webtalk ad drinks alcohol beer wine liquor,"['deal', 'affiliate', 'affiliatemarketing', 'bitcoin', 'blogger', 'business', 'cryptocurrency', 'deals', 'discount', 'gifts', 'marketing', 'shopping', 'socialmedia', 'travel', 'twitter', 'webtalk', 'ad', 'drinks', 'alcohol', 'beer', 'wine', 'liquor']"
63,"Introducing #TriggerMe #Telegram #Bot for tracking the markets realtime.

#Equity/#Cryptocurrency/#Indices/#Crypto

Be with the price, Track it Live!

Access bot on Telegram: @TriggerMe_bot

https://t.co/EdKWOWrXw2

Details: https://t.co/CyuckMtbAl https://t.co/NEphGBkfWB",introducing triggerme telegram bot for tracking the markets realtimeequitycryptocurrencyindicescryptobe with the price track it liveaccess bot on telegram details  ,introducing triggerme telegram bot for tracking the markets realtimeequitycryptocurrencyindicescryptobe with the price track it liveaccess bot on telegram details,introducing triggerme telegram bot for tracking the markets realtimeequitycryptocurrencyindicescryptobe with the price track it liveaccess bot on telegram details,"['introducing', 'triggerme', 'telegram', 'bot', 'for', 'tracking', 'the', 'markets', 'realtimeequitycryptocurrencyindicescryptobe', 'with', 'the', 'price', 'track', 'it', 'liveaccess', 'bot', 'on', 'telegram', 'details']"
64,#EverRise $RISE #EverRiseV3 #EverRevoke #DeFi #Crypto #Cryptocurrency #NFTProject #BuildStuff #NFT #AVAX #EverOwn #UtilityNFT #NFTs #Rise https://t.co/GQwLgTEAwE,everrise rise  everrevoke defi crypto cryptocurrency nftproject buildstuff nft avax everown utilitynft nfts rise ,everrise rise everrevoke defi crypto cryptocurrency nftproject buildstuff nft avax everown utilitynft nfts rise,everrise rise everrevoke defi crypto cryptocurrency nftproject buildstuff nft avax everown utilitynft nfts ris,"['everrise', 'rise', 'everrevoke', 'defi', 'crypto', 'cryptocurrency', 'nftproject', 'buildstuff', 'nft', 'avax', 'everown', 'utilitynft', 'nfts', 'ris']"
65,#EverRise $RISE #EverRevoke #EverRiseV3 #EverRiseEDU #DeFi #Crypto #Cryptocurrency #EverOwn #NFT_Stakes #Polygon #100xgem #BNB #Altcoin #EverRiseInu https://t.co/vazSMDxPAR,everrise rise everrevoke  everriseedu defi crypto cryptocurrency everown nftstakes polygon  bnb altcoin everriseinu ,everrise rise everrevoke everriseedu defi crypto cryptocurrency everown nftstakes polygon bnb altcoin everriseinu,everrise rise everrevoke everriseedu defi crypto cryptocurrency everown nftstakes polygon bnb altcoin everriseinu,"['everrise', 'rise', 'everrevoke', 'everriseedu', 'defi', 'crypto', 'cryptocurrency', 'everown', 'nftstakes', 'polygon', 'bnb', 'altcoin', 'everriseinu']"
66,"Loser Token $PHX, Price: $0.00269353, Change24hr: down -21.52%, Volume 24hr: $152459 #cryptocurrency https://t.co/AmHJB6ISTm",loser token phx price   down  volume   cryptocurrency ,loser token phx price down volume cryptocurrency,loser token phx price down volume cryptocurrency,"['loser', 'token', 'phx', 'price', 'down', 'volume', 'cryptocurrency']"
67,"BlockFi announces deal with FTX US, including 'option to acquire' for $240M. Via Cointelegraph - https://t.co/wfBYGRmt5Z #CryptocurrencyNews #cryptocurrency #Crypto #CryptoNews",blockfi announces deal with ftx us including option to acquire for  via cointelegraph   cryptocurrencynews cryptocurrency crypto cryptonews,blockfi announces deal with ftx us including option to acquire for via cointelegraph cryptocurrencynews cryptocurrency crypto cryptonews,blockfi announces deal with ftx us including option to acquire for via cointelegraph cryptocurrencynews cryptocurrency crypto cryptonews,"['blockfi', 'announces', 'deal', 'with', 'ftx', 'us', 'including', 'option', 'to', 'acquire', 'for', 'via', 'cointelegraph', 'cryptocurrencynews', 'cryptocurrency', 'crypto', 'cryptonews']"
68,Ethereum merge delay could put its chances of overtaking Bitcoin as the top cryptocurrency at risk . The number two‚Ä¶ https://t.co/ePnR2Hy2T7,ethereum merge delay could put its chances of overtaking bitcoin as the top cryptocurrency at risk  the number two ,ethereum merge delay could put its chances of overtaking bitcoin as the top cryptocurrency at risk the number two,ethereum merge delay could put its chances of overtaking bitcoin as the top cryptocurrency at risk the number two,"['ethereum', 'merge', 'delay', 'could', 'put', 'its', 'chances', 'of', 'overtaking', 'bitcoin', 'as', 'the', 'top', 'cryptocurrency', 'at', 'risk', 'the', 'number', 'two']"
69,"top up #cryptocurrency in last 15 minute :

#NBT  0.00875 | 0.00913 USDT (+4.34%)
#TVK  0.033 | 0.0341 USDT (+3.33%)
#MBL  0.002949 | 0.003034 USDT (+2.88%)
#KP3R  128.15 | 131 USDT (+2.22%)
#BTCST  5.32 | 5.4 USDT (+1.50%)

to the moon?
[02-07-2022 07:30 Z]",top up cryptocurrency in last  minute nbt     usdt tvk     usdt mbl     usdt      usdt btcst     usdt to the moon,top up cryptocurrency in last minute nbt usdt tvk usdt mbl usdt usdt btcst usdt to the moon,top up cryptocurrency in last minute nbt usdt tvk usdt mbl usdt usdt btcst usdt to the moon,"['top', 'up', 'cryptocurrency', 'in', 'last', 'minute', 'nbt', 'usdt', 'tvk', 'usdt', 'mbl', 'usdt', 'usdt', 'btcst', 'usdt', 'to', 'the', 'moon']"
70,"top down #cryptocurrency in last 15 minute :

#BURGER  0.927 | 0.905 USDT (-2.37%)
#STMX  0.00717 | 0.00705 USDT (-1.67%)
#BTTC  0.0000008 | 0.00000079 USDT (-1.25%)
#TROY  0.003395 | 0.003363 USDT (-0.94%)
#NEXO  0.561 | 0.556 USDT (-0.89%)

down to earth?
[02-07-2022 07:30 Z]",top down cryptocurrency in last  minute burger     usdt stmx     usdt bttc     usdt troy     usdt nexo     usdt down to earth,top down cryptocurrency in last minute burger usdt stmx usdt bttc usdt troy usdt nexo usdt down to earth,top down cryptocurrency in last minute burger usdt stmx usdt bttc usdt troy usdt nexo usdt down to earth,"['top', 'down', 'cryptocurrency', 'in', 'last', 'minute', 'burger', 'usdt', 'stmx', 'usdt', 'bttc', 'usdt', 'troy', 'usdt', 'nexo', 'usdt', 'down', 'to', 'earth']"
71,"high volatile #cryptocurrency in last 15 minute :

#MBL  0.00289 | 0.003086 USDT (6.65%)
#BURGER  0.9 | 0.951 USDT (5.50%)
#TVK  0.0328 | 0.0344 USDT (4.85%)
#KP3R  128.14 | 134 USDT (4.57%)
#NBT  0.00875 | 0.00914 USDT (4.46%)

moon or earth?
[02-07-2022 07:30 Z]",high volatile cryptocurrency in last  minute mbl     usdt burger     usdt tvk     usdt      usdt nbt     usdt moon or earth,high volatile cryptocurrency in last minute mbl usdt burger usdt tvk usdt usdt nbt usdt moon or earth,high volatile cryptocurrency in last minute mbl usdt burger usdt tvk usdt usdt nbt usdt moon or ear,"['high', 'volatile', 'cryptocurrency', 'in', 'last', 'minute', 'mbl', 'usdt', 'burger', 'usdt', 'tvk', 'usdt', 'usdt', 'nbt', 'usdt', 'moon', 'or', 'ear']"
72,"Crypto Ape News: Bitcoin bears have plenty of reasons to hold BTC price below $32,000 https://t.co/4a6dmF2Jed Since Might 10, the Bitcoin (BTC (https://t.co/sLxgPxPajR)) ...
#Cryptocurrency #Crypto #CryptoNews",crypto ape news bitcoin bears have plenty of reasons to hold btc price below   since might  the bitcoin btc  cryptocurrency crypto cryptonews,crypto ape news bitcoin bears have plenty of reasons to hold btc price below since might the bitcoin btc cryptocurrency crypto cryptonews,crypto ape news bitcoin bears have plenty of reasons to hold btc price below since might the bitcoin btc cryptocurrency crypto cryptonews,"['crypto', 'ape', 'news', 'bitcoin', 'bears', 'have', 'plenty', 'of', 'reasons', 'to', 'hold', 'btc', 'price', 'below', 'since', 'might', 'the', 'bitcoin', 'btc', 'cryptocurrency', 'crypto', 'cryptonews']"
73,"Microsoft has a Twitter thread on the recent activities of the 8220 Gang, a cryptocurrency-mining group active since early 2021. 

#Cryptocurency #cryptocurrencies #blockchain #Microsoft https://t.co/QYz04E8A6Q",microsoft has a twitter thread on the recent activities of the  gang a cryptocurrencymining group active since early  cryptocurency cryptocurrencies blockchain microsoft ,microsoft has a twitter thread on the recent activities of the gang a cryptocurrencymining group active since early cryptocurency cryptocurrencies blockchain microsoft,microsoft has a twitter thread on the recent activities of the gang a cryptocurrencymining group active since early cryptocurency cryptocurrencies blockchain microsoft,"['microsoft', 'has', 'a', 'twitter', 'thread', 'on', 'the', 'recent', 'activities', 'of', 'the', 'gang', 'a', 'cryptocurrencymining', 'group', 'active', 'since', 'early', 'cryptocurency', 'cryptocurrencies', 'blockchain', 'microsoft']"
74,"Voyager Digital freezes trading, deposits, withdrawals and rewards, blames 3AC default https://t.co/g0fT4gh20l #cryptocurrency",voyager digital freezes trading deposits withdrawals and rewards blames  default  cryptocurrency,voyager digital freezes trading deposits withdrawals and rewards blames default cryptocurrency,voyager digital freezes trading deposits withdrawals and rewards blames default cryptocurrency,"['voyager', 'digital', 'freezes', 'trading', 'deposits', 'withdrawals', 'and', 'rewards', 'blames', 'default', 'cryptocurrency']"
75,"Bitcoin trader says expect more chop, downside, then sideways price action for BTC this summer https://t.co/yR145NsAZd #cryptocurrency",bitcoin trader says expect more chop downside then sideways price action for btc this summer  cryptocurrency,bitcoin trader says expect more chop downside then sideways price action for btc this summer cryptocurrency,bitcoin trader says expect more chop downside then sideways price action for btc this summer cryptocurrency,"['bitcoin', 'trader', 'says', 'expect', 'more', 'chop', 'downside', 'then', 'sideways', 'price', 'action', 'for', 'btc', 'this', 'summer', 'cryptocurrency']"
76,Battle-hardened Ronin bridge reopens following $600M hack: Finance Redefined https://t.co/Q5tq8pOBFQ #cryptocurrency,battlehardened ronin bridge reopens following  hack finance redefined  cryptocurrency,battlehardened ronin bridge reopens following hack finance redefined cryptocurrency,battlehardened ronin bridge reopens following hack finance redefined cryptocurrency,"['battlehardened', 'ronin', 'bridge', 'reopens', 'following', 'hack', 'finance', 'redefined', 'cryptocurrency']"
77,"BlockFi announces deal with FTX US, including 'option to acquire' for $240M https://t.co/yEHUFZHr6a #cryptocurrency",blockfi announces deal with ftx us including option to acquire for   cryptocurrency,blockfi announces deal with ftx us including option to acquire for cryptocurrency,blockfi announces deal with ftx us including option to acquire for cryptocurrency,"['blockfi', 'announces', 'deal', 'with', 'ftx', 'us', 'including', 'option', 'to', 'acquire', 'for', 'cryptocurrency']"
78,"Price analysis 7/1: BTC, ETH, BNB, XRP, ADA, SOL, DOGE, DOT, LEO, SHIB https://t.co/DxjOftKV9P #cryptocurrency",price analysis  btc eth bnb xrp ada sol doge dot leo shib  cryptocurrency,price analysis btc eth bnb xrp sol doge dot leo shib cryptocurrency,price analysis btc eth bnb xrp sol doge dot leo shib cryptocurrency,"['price', 'analysis', 'btc', 'eth', 'bnb', 'xrp', 'sol', 'doge', 'dot', 'leo', 'shib', 'cryptocurrency']"
79,Ignite CEO announces departure after seven years  https://t.co/2vgwsk1GEi #cryptocurrency,ignite ceo announces departure after seven years   cryptocurrency,ignite ceo announces departure after seven years cryptocurrency,ignite ceo announces departure after seven years cryptocurrency,"['ignite', 'ceo', 'announces', 'departure', 'after', 'seven', 'years', 'cryptocurrency']"
80,June roundup: Who's hiring and who's firing in the crypto space https://t.co/Tr4rtRc1jl #cryptocurrency,june roundup whos hiring and whos firing in the crypto space  cryptocurrency,june roundup whos hiring and whos firing in the crypto space cryptocurrency,june roundup whos hiring and whos firing in the crypto space cryptocurrency,"['june', 'roundup', 'whos', 'hiring', 'and', 'whos', 'firing', 'in', 'the', 'crypto', 'space', 'cryptocurrency']"
81,June gloom takes on a new meaning in another 2022 down month https://t.co/9pwa9R4HUX #cryptocurrency,june gloom takes on a new meaning in another  down month  cryptocurrency,june gloom takes on a new meaning in another down month cryptocurrency,june gloom takes on a new meaning in another down month cryptocurrency,"['june', 'gloom', 'takes', 'on', 'a', 'new', 'meaning', 'in', 'another', 'down', 'month', 'cryptocurrency']"
82,"Bear market? ‚ÄúSo what,‚Äù says World Chess Champion Garry Kasparov https://t.co/9BIuciLTHG #cryptocurrency",bear market so what says world chess champion garry kasparov  cryptocurrency,bear market so what says world chess champion garry kasparov cryptocurrency,bear market so what says world chess champion garry kasparov cryptocurrency,"['bear', 'market', 'so', 'what', 'says', 'world', 'chess', 'champion', 'garry', 'kasparov', 'cryptocurrency']"
83,Tether continues to reduce commercial paper in sharp reduction since March https://t.co/RBxX5dFdUh #cryptocurrency,tether continues to reduce commercial paper in sharp reduction since march  cryptocurrency,tether continues to reduce commercial paper in sharp reduction since march cryptocurrency,tether continues to reduce commercial paper in sharp reduction since march cryptocurrency,"['tether', 'continues', 'to', 'reduce', 'commercial', 'paper', 'in', 'sharp', 'reduction', 'since', 'march', 'cryptocurrency']"
84,Argentina carries out crypto wallet seizures linked to tax delinquents  https://t.co/8cXaOT8VDM #cryptocurrency,argentina carries out crypto wallet seizures linked to tax delinquents   cryptocurrency,argentina carries out crypto wallet seizures linked to tax delinquents cryptocurrency,argentina carries out crypto wallet seizures linked to tax delinquents cryptocurrency,"['argentina', 'carries', 'out', 'crypto', 'wallet', 'seizures', 'linked', 'to', 'tax', 'delinquents', 'cryptocurrency']"
85,"Ashanti aims to bring women to Web3, says ‚Äúowning is important‚Äù at NFT music meetup https://t.co/aB7ngKc5k5 #cryptocurrency",ashanti aims to bring women to  says owning is important at nft music meetup  cryptocurrency,ashanti aims to bring women to says owning is important at nft music meetup cryptocurrency,ashanti aims to bring women to says owning is important at nft music meetup cryptocurrency,"['ashanti', 'aims', 'to', 'bring', 'women', 'to', 'says', 'owning', 'is', 'important', 'at', 'nft', 'music', 'meetup', 'cryptocurrency']"
86,Experts weigh in on European Union‚Äôs MiCa crypto regulation https://t.co/oNAhhurRsf #cryptocurrency,experts weigh in on european unions mica crypto regulation  cryptocurrency,experts weigh in on european unions mica crypto regulation cryptocurrency,experts weigh in on european unions mica crypto regulation cryptocurrency,"['experts', 'weigh', 'in', 'on', 'european', 'unions', 'mica', 'crypto', 'regulation', 'cryptocurrency']"
87,TON Foundation launches Ethereum Name Service-like domain names https://t.co/ezhfpuFKHQ #cryptocurrency,ton foundation launches ethereum name servicelike domain names  cryptocurrency,ton foundation launches ethereum name servicelike domain names cryptocurrency,ton foundation launches ethereum name servicelike domain names cryptocurrency,"['ton', 'foundation', 'launches', 'ethereum', 'name', 'servicelike', 'domain', 'names', 'cryptocurrency']"
88,from currency to religion hmmmmm que an emoji where the character is internalizing what exactly cryptocurrency is  üíÜüèæ‚Äç‚ôÇÔ∏è https://t.co/rQ2xsv3Pf2,from currency to religion hmmmmm que an emoji where the character is internalizing what exactly cryptocurrency is  üíÜüèæ‚Äç‚ôÇÔ∏è ,from currency to religion hmmmmm que an emoji where the character is internalizing what exactly cryptocurrency is üíÜüèæ‚Äç‚ôÇÔ∏è,from currency to religion hmmmmm que an emoji where the character is internalizing what exactly cryptocurrency is üíÜüèæ‚Äç‚ôÇÔ∏è,"['from', 'currency', 'to', 'religion', 'hmmmmm', 'que', 'an', 'emoji', 'where', 'the', 'character', 'is', 'internalizing', 'what', 'exactly', 'cryptocurrency', 'is', 'üíÜüèæ\u200d‚ôÇÔ∏è']"
89,"What bear market? This token is quietly making new highs, up 300% against Bitcoin in 2022 https://t.co/gs8PpxplEG #cryptocurrency",what bear market this token is quietly making new highs up  against bitcoin in   cryptocurrency,what bear market this token is quietly making new highs up against bitcoin in cryptocurrency,what bear market this token is quietly making new highs up against bitcoin in cryptocurrency,"['what', 'bear', 'market', 'this', 'token', 'is', 'quietly', 'making', 'new', 'highs', 'up', 'against', 'bitcoin', 'in', 'cryptocurrency']"
90,Layer-1 blockchains: How crypto winter could slow the challenge to Ethereum https://t.co/2k4gsqCCia #cryptocurrency, blockchains how crypto winter could slow the challenge to ethereum  cryptocurrency,blockchains how crypto winter could slow the challenge to ethereum cryptocurrency,blockchains how crypto winter could slow the challenge to ethereum cryptocurrency,"['blockchains', 'how', 'crypto', 'winter', 'could', 'slow', 'the', 'challenge', 'to', 'ethereum', 'cryptocurrency']"
91,Self-custody is key during extreme market conditions: Here's what experts say https://t.co/GuTEqjdLuR #cryptocurrency,selfcustody is key during extreme market conditions heres what experts say  cryptocurrency,selfcustody is key during extreme market conditions heres what experts say cryptocurrency,selfcustody is key during extreme market conditions heres what experts say cryptocurrent,"['selfcustody', 'is', 'key', 'during', 'extreme', 'market', 'conditions', 'heres', 'what', 'experts', 'say', 'cryptocurrent']"
92,Deutsche Bank analysts see Bitcoin recovering to $28K by December  https://t.co/0ey1A97Y53 #cryptocurrency,deutsche bank analysts see bitcoin recovering to  by december   cryptocurrency,deutsche bank analysts see bitcoin recovering to by december cryptocurrency,deutsche bank analysts see bitcoin recovering to by december cryptocurrency,"['deutsche', 'bank', 'analysts', 'see', 'bitcoin', 'recovering', 'to', 'by', 'december', 'cryptocurrency']"
93,Coinbase denies reports of selling customer data to the US government  https://t.co/hu5EVNgqVy #cryptocurrency,coinbase denies reports of selling customer data to the us government   cryptocurrency,coinbase denies reports of selling customer data to the us government cryptocurrency,coinbase denies reports of selling customer data to the us government cryptocurrency,"['coinbase', 'denies', 'reports', 'of', 'selling', 'customer', 'data', 'to', 'the', 'us', 'government', 'cryptocurrency']"
94,Not giving up: VanEck refiles with SEC for spot Bitcoin ETF https://t.co/QiQoVvX7Bg #cryptocurrency,not giving up vaneck refiles with sec for spot bitcoin etf  cryptocurrency,not giving up vaneck refiles with sec for spot bitcoin etf cryptocurrency,not giving up vaneck refiles with sec for spot bitcoin etf cryptocurrency,"['not', 'giving', 'up', 'vaneck', 'refiles', 'with', 'sec', 'for', 'spot', 'bitcoin', 'etf', 'cryptocurrency']"
95,Bitcoin price: June close barely beats 2017 high as Coinbase Premium flips positive https://t.co/Ko9Uq9QZQk #cryptocurrency,bitcoin price june close barely beats  high as coinbase premium flips positive  cryptocurrency,bitcoin price june close barely beats high as coinbase premium flips positive cryptocurrency,bitcoin price june close barely beats high as coinbase premium flips positive cryptocurrency,"['bitcoin', 'price', 'june', 'close', 'barely', 'beats', 'high', 'as', 'coinbase', 'premium', 'flips', 'positive', 'cryptocurrency']"
96,MakerDAO members shoot down proposal for more centralization https://t.co/h17Osc1CKZ #cryptocurrency,makerdao members shoot down proposal for more centralization  cryptocurrency,makerdao members shoot down proposal for more centralization cryptocurrency,makerdao members shoot down proposal for more centralization cryptocurrency,"['makerdao', 'members', 'shoot', 'down', 'proposal', 'for', 'more', 'centralization', 'cryptocurrency']"
97,Multisigs mean funds in bridges are ‚Äòone small slipup‚Äô from being hacked https://t.co/Dg181eMw0l #cryptocurrency,multisigs mean funds in bridges are one small slipup from being hacked  cryptocurrency,multisigs mean funds in bridges are one small slipup from being hacked cryptocurrency,multisigs mean funds in bridges are one small slipup from being hacked cryptocurrency,"['multisigs', 'mean', 'funds', 'in', 'bridges', 'are', 'one', 'small', 'slipup', 'from', 'being', 'hacked', 'cryptocurrency']"
98,Hundreds of Bored Ape owners sign up to hire out their NFTs to brands https://t.co/yDlhNH2PfI #cryptocurrency,hundreds of bored ape owners sign up to hire out their nfts to brands  cryptocurrency,hundreds of bored ape owners sign up to hire out their nfts to brands cryptocurrency,hundreds of bored ape owners sign up to hire out their nfts to brands cryptocurrency,"['hundreds', 'of', 'bored', 'ape', 'owners', 'sign', 'up', 'to', 'hire', 'out', 'their', 'nfts', 'to', 'brands', 'cryptocurrency']"
99,Better days ahead with crypto deleveraging coming to an end ‚Äî JPMorgan https://t.co/88ozc0METr #cryptocurrency,better days ahead with crypto deleveraging coming to an end ‚Äî jpmorgan  cryptocurrency,better days ahead with crypto deleveraging coming to an end ‚Äî jpmorgan cryptocurrency,better days ahead with crypto deleveraging coming to an end ‚Äî jpmorgan cryptocurrency,"['better', 'days', 'ahead', 'with', 'crypto', 'deleveraging', 'coming', 'to', 'an', 'end', '‚Äî', 'jpmorgan', 'cryptocurrency']"
